{
    "base_score": 500,
    "adjusted_base_points": 301.2321291863138,
    "PDO": 40,
    "Factor": 57.70780163555854,
    "Offset": 500.0
}